{
	"@metadata": {
		"authors": [
			"Andibing",
			"Codynguyen1116",
			"Shirayuki"
		]
	},
	"VARIABLES_DEFAULT_NAME": "item",
	"TODAY": "Today",
	"DUPLICATE_BLOCK": "Duplicate",
	"ADD_COMMENT": "Add Comment",
	"REMOVE_COMMENT": "Remove Comment",
	"EXTERNAL_INPUTS": "External Inputs",
	"INLINE_INPUTS": "Inline Inputs",
	"DELETE_BLOCK": "Delete Block",
	"DELETE_X_BLOCKS": "Delete %1 Blocks",
	"DELETE_ALL_BLOCKS": "Delete all %1 blocks?",
	"CLEAN_UP": "Clean up Blocks",
	"COLLAPSE_BLOCK": "Collapse Block",
	"COLLAPSE_ALL": "Collapse Blocks",
	"EXPAND_BLOCK": "Expand Block",
	"EXPAND_ALL": "Expand Blocks",
	"DISABLE_BLOCK": "Disable Block",
	"ENABLE_BLOCK": "Enable Block",
	"HELP": "Help",
	"UNDO": "Undo",
	"REDO": "Redo",
	"CHANGE_VALUE_TITLE": "Change value:",
	"RENAME_VARIABLE": "Rename variable...",
	"RENAME_VARIABLE_TITLE": "Rename all '%1' variables to:",
	"NEW_VARIABLE": "New variable...",
	"NEW_VARIABLE_TITLE": "New variable name:",
	"COLOUR_PICKER_HELPURL": "https://en.wikipedia.org/wiki/Colour",
	"COLOUR_PICKER_TOOLTIP": "Choose a colour from the palette.",
	"COLOUR_RANDOM_TITLE": "random colour",
	"COLOUR_RANDOM_TOOLTIP": "Choose a colour at random.",
	"COLOUR_RGB_TITLE": "colour with",
	"COLOUR_RGB_RED": "red",
	"COLOUR_RGB_GREEN": "green",
	"COLOUR_RGB_BLUE": "blue",
	"COLOUR_RGB_TOOLTIP": "Create a colour with the specified amount of red, green, and blue.  All values must be between 0 and 100.",
	"COLOUR_BLEND_TITLE": "blend",
	"COLOUR_BLEND_COLOUR1": "colour 1",
	"COLOUR_BLEND_COLOUR2": "colour 2",
	"COLOUR_BLEND_RATIO": "ratio",
	"COLOUR_BLEND_TOOLTIP": "Blends two colours together with a given ratio (0.0 - 1.0).",
	"CONTROLS_REPEAT_HELPURL": "https://en.wikipedia.org/wiki/For_loop",
	"CONTROLS_REPEAT_TITLE": "repeat %1 times",
	"CONTROLS_REPEAT_INPUT_DO": "do",
	"CONTROLS_REPEAT_TOOLTIP": "Do some statements several times.",
	"CONTROLS_WHILEUNTIL_OPERATOR_WHILE": "repeat while",
	"CONTROLS_WHILEUNTIL_OPERATOR_UNTIL": "repeat until",
	"CONTROLS_WHILEUNTIL_TOOLTIP_WHILE": "While a value is true, then do some statements.",
	"CONTROLS_WHILEUNTIL_TOOLTIP_UNTIL": "While a value is false, then do some statements.",
	"CONTROLS_FOR_TOOLTIP": "Have the variable '%1' take on the values from the start number to the end number, counting by the specified interval, and do the specified blocks.",
	"CONTROLS_FOR_TITLE": "count with %1 from %2 to %3 by %4",
	"CONTROLS_FOREACH_TITLE": "for each item %1 in list %2",
	"CONTROLS_FOREACH_TOOLTIP": "For each item in a list, set the variable '%1' to the item, and then do some statements.",
	"CONTROLS_FLOW_STATEMENTS_OPERATOR_BREAK": "break out of loop",
	"CONTROLS_FLOW_STATEMENTS_OPERATOR_CONTINUE": "continue with next iteration of loop",
	"CONTROLS_FLOW_STATEMENTS_TOOLTIP_BREAK": "Break out of the containing loop.",
	"CONTROLS_FLOW_STATEMENTS_TOOLTIP_CONTINUE": "Skip the rest of this loop, and continue with the next iteration.",
	"CONTROLS_FLOW_STATEMENTS_WARNING": "Warning: This block may only be used within a loop.",
	"CONTROLS_IF_TOOLTIP_1": "If a value is true, then do some statements.",
	"CONTROLS_IF_TOOLTIP_2": "If a value is true, then do the first block of statements. Otherwise, do the second block of statements.",
	"CONTROLS_IF_TOOLTIP_3": "If the first value is true, then do the first block of statements. Otherwise, if the second value is true, do the second block of statements.",
	"CONTROLS_IF_TOOLTIP_4": "If the first value is true, then do the first block of statements. Otherwise, if the second value is true, do the second block of statements. If none of the values are true, do the last block of statements.",
	"CONTROLS_IF_MSG_IF": "if",
	"CONTROLS_IF_MSG_ELSEIF": "else if",
	"CONTROLS_IF_MSG_ELSE": "else",
	"CONTROLS_IF_IF_TOOLTIP": "Add, remove, or reorder sections to reconfigure this if block.",
	"CONTROLS_IF_ELSEIF_TOOLTIP": "Add a condition to the if block.",
	"CONTROLS_IF_ELSE_TOOLTIP": "Add a final, catch-all condition to the if block.",
	"LOGIC_COMPARE_HELPURL": "https://en.wikipedia.org/wiki/Inequality_(mathematics)",
	"LOGIC_COMPARE_TOOLTIP_EQ": "Return true if both inputs equal each other.",
	"LOGIC_COMPARE_TOOLTIP_NEQ": "Return true if both inputs are not equal to each other.",
	"LOGIC_COMPARE_TOOLTIP_LT": "Return true if the first input is smaller than the second input.",
	"LOGIC_COMPARE_TOOLTIP_LTE": "Return true if the first input is smaller than or equal to the second input.",
	"LOGIC_COMPARE_TOOLTIP_GT": "Return true if the first input is greater than the second input.",
	"LOGIC_COMPARE_TOOLTIP_GTE": "Return true if the first input is greater than or equal to the second input.",
	"LOGIC_OPERATION_TOOLTIP_AND": "Return true if both inputs are true.",
	"LOGIC_OPERATION_AND": "and",
	"LOGIC_OPERATION_TOOLTIP_OR": "Return true if at least one of the inputs is true.",
	"LOGIC_OPERATION_OR": "or",
	"LOGIC_NEGATE_TITLE": "not %1",
	"LOGIC_NEGATE_TOOLTIP": "Returns true if the input is false. Returns false if the input is true.",
	"LOGIC_BOOLEAN_TRUE": "true",
	"LOGIC_BOOLEAN_FALSE": "false",
	"LOGIC_BOOLEAN_TOOLTIP": "Returns either true or false.",
	"LOGIC_NULL": "null",
	"LOGIC_NULL_TOOLTIP": "Returns null.",
	"LOGIC_TERNARY_CONDITION": "test",
	"LOGIC_TERNARY_IF_TRUE": "if true",
	"LOGIC_TERNARY_IF_FALSE": "if false",
	"LOGIC_TERNARY_TOOLTIP": "Check the condition in 'test'. If the condition is true, returns the 'if true' value; otherwise returns the 'if false' value.",
	"MATH_NUMBER_HELPURL": "https://en.wikipedia.org/wiki/Number",
	"MATH_NUMBER_TOOLTIP": "A number.",
	"MATH_ARITHMETIC_HELPURL": "https://en.wikipedia.org/wiki/Arithmetic",
	"MATH_ARITHMETIC_TOOLTIP_ADD": "Return the sum of the two numbers.",
	"MATH_ARITHMETIC_TOOLTIP_MINUS": "Return the difference of the two numbers.",
	"MATH_ARITHMETIC_TOOLTIP_MULTIPLY": "Return the product of the two numbers.",
	"MATH_ARITHMETIC_TOOLTIP_DIVIDE": "Return the quotient of the two numbers.",
	"MATH_ARITHMETIC_TOOLTIP_POWER": "Return the first number raised to the power of the second number.",
	"MATH_SINGLE_HELPURL": "https://en.wikipedia.org/wiki/Square_root",
	"MATH_SINGLE_OP_ROOT": "square root",
	"MATH_SINGLE_TOOLTIP_ROOT": "Return the square root of a number.",
	"MATH_SINGLE_OP_ABSOLUTE": "absolute",
	"MATH_SINGLE_TOOLTIP_ABS": "Return the absolute value of a number.",
	"MATH_SINGLE_TOOLTIP_NEG": "Return the negation of a number.",
	"MATH_SINGLE_TOOLTIP_LN": "Return the natural logarithm of a number.",
	"MATH_SINGLE_TOOLTIP_LOG10": "Return the base 10 logarithm of a number.",
	"MATH_SINGLE_TOOLTIP_EXP": "Return e to the power of a number.",
	"MATH_SINGLE_TOOLTIP_POW10": "Return 10 to the power of a number.",
	"MATH_TRIG_HELPURL": "https://en.wikipedia.org/wiki/Trigonometric_functions",
	"MATH_TRIG_TOOLTIP_SIN": "Return the sine of a degree (not radian).",
	"MATH_TRIG_TOOLTIP_COS": "Return the cosine of a degree (not radian).",
	"MATH_TRIG_TOOLTIP_TAN": "Return the tangent of a degree (not radian).",
	"MATH_TRIG_TOOLTIP_ASIN": "Return the arcsine of a number.",
	"MATH_TRIG_TOOLTIP_ACOS": "Return the arccosine of a number.",
	"MATH_TRIG_TOOLTIP_ATAN": "Return the arctangent of a number.",
	"MATH_CONSTANT_HELPURL": "https://en.wikipedia.org/wiki/Mathematical_constant",
	"MATH_CONSTANT_TOOLTIP": "Return one of the common constants: π (3.141…), e (2.718…), φ (1.618…), sqrt(2) (1.414…), sqrt(½) (0.707…), or ∞ (infinity).",
	"MATH_IS_EVEN": "is even",
	"MATH_IS_ODD": "is odd",
	"MATH_IS_PRIME": "is prime",
	"MATH_IS_WHOLE": "is whole",
	"MATH_IS_POSITIVE": "is positive",
	"MATH_IS_NEGATIVE": "is negative",
	"MATH_IS_DIVISIBLE_BY": "is divisible by",
	"MATH_IS_TOOLTIP": "Check if a number is an even, odd, prime, whole, positive, negative, or if it is divisible by certain number. Returns true or false.",
	"MATH_CHANGE_HELPURL": "https://en.wikipedia.org/wiki/Programming_idiom#Incrementing_a_counter",
	"MATH_CHANGE_TITLE": "change %1 by %2",
	"MATH_CHANGE_TOOLTIP": "Add a number to variable '%1'.",
	"MATH_ROUND_HELPURL": "https://en.wikipedia.org/wiki/Rounding",
	"MATH_ROUND_TOOLTIP": "Round a number up or down.",
	"MATH_ROUND_OPERATOR_ROUND": "round",
	"LISTS_SORT_ORDER_DESCENDING": "descendente"
}
