{
	"@metadata": {
		"authors": [
			"Vishwanatha Badikana",
			"Bharathesha Alasandemajalu"
		]
	},
	"VARIABLES_DEFAULT_NAME": "ವಸ್ತು",
	"TODAY": "ಇನಿ",
	"DUPLICATE_BLOCK": "ನಕಲ್",
	"ADD_COMMENT": "ಟಿಪ್ಪಣಿ ಸೇರ್ಸಲೆ",
	"REMOVE_COMMENT": "ಟಿಪ್ಪಣಿನ್ ದೆತ್ತ್‌ಪಾಡ್ಲೆ",
	"EXTERNAL_INPUTS": "ಬಾಹ್ಯೊ ಪರಿಕರೊ",
	"INLINE_INPUTS": "ಉಳಸಾಲ್‍ದ ಉಳಪರಿಪು",
	"DELETE_BLOCK": "ಮಾಜಯರ ತಡೆಯಾತ್ಂಡ್",
	"DELETE_X_BLOCKS": "ಮಾಜಯರ ಶೇಕಡಾ ೧ ತಡೆಯಾತ್ಂಡ್",
	"DELETE_ALL_BLOCKS": "ಮಾತ %1 ನಿರ್ಬಂದೊಲೆನ್ ದೆತ್ತ್ ಪಾಡ್ಲೆ ?",
	"CLEAN_UP": "ನಿರ್ಬಂದೊಲೆನ್ ಸ್ವೊಚ್ಚೊ ಮಲ್ಪುಲೆ",
	"COLLAPSE_BLOCK": "ಕುಗ್ಗಿಸಾದ್ ತಡೆಪತ್ತುನೆ",
	"COLLAPSE_ALL": "ಕುಗ್ಗಿಸಾದ್ ನಿರ್ಬಂಧಿಸಾಪುನೆ",
	"EXPAND_BLOCK": "ವಿಸ್ತರಿಸಾದ್ ತಡೆಪತ್ತುನೆ",
	"EXPAND_ALL": "ವಿಸ್ತರಿಸಾದ್ ನಿರ್ಬಂದಿಸಾಪುನೆ",
	"DISABLE_BLOCK": "ನಿಷ್ಕ್ರಿಯಗೊಳಿಸಾದ್ ತಡೆಪತ್ತುನೆ",
	"ENABLE_BLOCK": "ಸಕ್ರಿಯಗೊಳಿಸಾದ್ ತಡೆಪತ್ತುನೆ",
	"HELP": "ಸಹಾಯೊ",
	"UNDO": "ದುಂಬುದಲೆಕೊ",
	"REDO": "ಪಿರವುದಂಚ",
	"CHANGE_VALUE_TITLE": "ಮೌಲ್ಯೊದ ಬದಲಾವಣೆ",
	"RENAME_VARIABLE": "ಬದಲಾವಣೆ ಆಯಿನ ಪುದರ್‍ನ್ ನಾನೊರೊ ಪನ್ಲೆ",
	"RENAME_VARIABLE_TITLE": "ನಾನೊರೊ ಪುದರ್ ಬದಲಾವಣೆ ಆಯಿನ ಮಾಂತ '% 1':",
	"NEW_VARIABLE": "ಪೊಸ ಬದಲಾವಣೆ",
	"NEW_VARIABLE_TITLE": "ಪುದರ್‍ದ ಪೊಸ ಬದಲಾವಣೆ:",
	"COLOUR_PICKER_HELPURL": "https://en.wikipedia.org/wiki/ಬಣ್ಣೊ",
	"COLOUR_PICKER_TOOLTIP": "ವರ್ಣಫಲಕೊದ ಒಂಜಿ ಬಣ್ಣೊದ ಆಯ್ಕೆ.",
	"COLOUR_RANDOM_TITLE": "ಯಾದೃಚ್ಛಿಕೊ ಬಣ್ಣೊ",
	"COLOUR_RANDOM_TOOLTIP": "ಯಾದೃಚ್ಛಿಕವಾಯಿನ ಬಣ್ಣೊದ ಆಯ್ಕೆ.",
	"COLOUR_RGB_TITLE": "ಬಣ್ಣೊದೊಟ್ಟುಗೆ",
	"COLOUR_RGB_RED": "ಕೆಂಪು ಬಣ್ಣೊ",
	"COLOUR_RGB_GREEN": "ಪಚ್ಚೆ",
	"COLOUR_RGB_BLUE": "ನೀಲಿ",
	"COLOUR_RGB_TOOLTIP": "ತೋಜಿಪಾಯಿನ ಕೆಂಪು, ಪಚ್ಚೆ ಬುಕ್ಕೊ ನೀಲಿ ಬಣ್ಣೊದ ಪ್ರಮಾಣೊನು ರಚಿಸಲೆ.  ಮಾಂತ ಮೌಲ್ಯೊಲು 0 ಬುಕ್ಕೊ 100 ನಡುಟೆ ಇಪ್ಪೊಡು.",
	"COLOUR_BLEND_TITLE": "ಮಿಸ್ರನೊ",
	"COLOUR_BLEND_COLOUR1": "ಬಣ್ಣೊ ೧(ಒಂಜಿ)",
	"COLOUR_BLEND_COLOUR2": "ಬಣ್ಣೊ ೨(ರಡ್ಡ್)",
	"COLOUR_BLEND_RATIO": "ಅನುಪಾತೊ",
	"COLOUR_BLEND_TOOLTIP": "ಕೊರ್‍ನ ಅನುಪಾತೊದ ಒಟ್ಟುಗೆ (0.0- 1.0 ) ರಡ್ಡ್ ಬಣ್ಣೊಲೆನ್ ಜೊತೆಟ್ ಒಂಜಿ ಮಲ್ಪುಂಡು.",
	"CONTROLS_REPEAT_HELPURL": "https://en.wikipedia.org/wiki/For_loop",
	"CONTROLS_REPEAT_TITLE": "ನಾನೊರೊ %1 ಸಮಯೊಗು",
	"CONTROLS_REPEAT_INPUT_DO": "ಮಲ್ಪು / ಅಂಚನೆ",
	"CONTROLS_REPEAT_TOOLTIP": "ಕೆಲವು ಹೇಳಿಕೆಲೆನ್ ಮಸ್ತ್ ಸಮಯೊ ಮಲ್ಪೊಡು",
	"CONTROLS_WHILEUNTIL_OPERATOR_WHILE": "ಬುಕ್ಕೊ ಅಂಚನೇ",
	"CONTROLS_WHILEUNTIL_OPERATOR_UNTIL": "ಬುಕ್ಕೊ ಮುಟ್ಟೊ",
	"CONTROLS_WHILEUNTIL_TOOLTIP_WHILE": "ಈ ತಿರ್ತ್‌ದ ಸರಿ ಇತ್ತ್ಂಡಲಾ, ಬುಕ್ಕೊದ ಕೆಲವು ಹೇಳಿಕೆಲೆನ್ ಮಲ್ಪುಲ",
	"CONTROLS_WHILEUNTIL_TOOLTIP_UNTIL": "ಈ ತಿರ್ತ್‍ದ ತಪ್ಪಾದುಂಡು, ಬುಕ್ಕೊದ ಕೆಲವು ಹೇಳಿಕೆಲೆನ್ ಮಲ್ಪಪುಲ",
	"CONTROLS_FOR_TOOLTIP": "ಸುರೂತ ನಂಬ್ರೊಡ್ದು ಅಕೇರಿದ ನಂಬ್ರೊಗು ಬಿಲೆಟ್ ಮಸ್ತ್ ಹೆಚ್ಚ್‌ಕಮ್ಮಿ ಇತ್ತ್ಂಡಲಾ %1 ದೆತೊಂದ್, ನಿರ್ದಿಸ್ಟೊ ಮಧ್ಯಂತರೊದ ಮೂಲಕೊ ಲೆಕ್ಕೊದೆತೊಂದು ಬುಕ್ಕೊ ನಿಗಂಟ್ ಮಲ್ತ್‌ನ ಬ್ಲಾಕ್‍ಲೆನ್ ಲೆಕ್ಕೊ ಮಲ್ಪುಲ.",
	"CONTROLS_FOR_TITLE": "%1ಡ್ದ್ %2ಗ್ ಮುಟ್ಟ %3 ಬುಕ್ಕೊ %4ನ್ ಒಟ್ಟೂಗು ಗೆನ್ಪಿ",
	"CONTROLS_FOREACH_TITLE": "ಅತ್ತಂದೆ ಪ್ರತೀ ಅಂಸೊ %1ದ ಉಲಯಿ %2ದ ಪಟ್ಟಿ",
	"CONTROLS_FOREACH_TOOLTIP": "ಒಂಜಿ ಪಟ್ಟಿಡ್ ಪ್ರತಿ ವಸ್ತುಗು, ಜೋಡಾಯಿನ ವಸ್ತು ಬದಲಾಪುನಂಚ '% 1', ಬುಕ್ಕೊ ಒಂತೆ ಹೇಳಿಕೆಲೆನ್ ಮಲ್ಲಪುಲೆ.",
	"CONTROLS_FLOW_STATEMENTS_OPERATOR_BREAK": "ಕುಣಿಕೆದ ಪಿದಯಿ ತುಂಡಾಪುಂಡು",
	"CONTROLS_FLOW_STATEMENTS_OPERATOR_CONTINUE": "ದುಂಬುದ ಆದೇಸೊಡೆ ಪುನರಾವರ್ತನೆ ದುಂಬರಿಪ್ಪುಂಡು",
	"CONTROLS_FLOW_STATEMENTS_TOOLTIP_BREAK": "ಬಳಕೆಡುಪ್ಪುನ ಕೊಲಿಕೆಡ್ದ್ ಪಿದಯಿ ಪಾಡ್‍ಲೆ",
	"CONTROLS_FLOW_STATEMENTS_TOOLTIP_CONTINUE": "ದುಂಬುದ ಆವೃತಿಡ್ ಉಪ್ಪುನಂಚನೆ ಮಾಂತ ಕೊಲಿಕೆಲೆನ್ ದೆತ್ಪುಲೆ ಬುಕ್ಕೊ ದುಂಬರಿಲೆ",
	"CONTROLS_FLOW_STATEMENTS_WARNING": "ಎಚ್ಚರೊ: ಈ ನಿರ್ಬಂದೊನು ಕೇವಲ ಒಂಜಿ ಕೊಲಿಕೆದಾಕಾರೊದ ಮುಕ್ತಮಾರ್ಗೊದ ಪರಿಮಿತಿದುಲಯಿಡ್ ಬಳಸೊಲಿ",
	"CONTROLS_IF_TOOLTIP_1": "ಇಂದೆತ ಮೌಲ್ಯೊ ನಿಜವಾದಿತ್ತ್‌ಂಡ, ಬುಕ್ಕೊ ಒಂತೆ ನಿರೂಪಣೆಲೆನ್ ಮಲ್ಪುಲೆ",
	"CONTROLS_IF_TOOLTIP_2": "ಇಂದೆತ ಮೌಲ್ಯೊ ನಿಜವಾದಿತ್ತ್‌ಂಡ, ಬುಕ್ಕೊದ ನಿರೂಪಣೆಲೆನ್ ಸುರೂಕು ಮಲ್ಪುಲೆ.  ಅತ್ತಂಡ ರಡ್ಡನೆದ ನಿರೂಪಣೆನ್ ತಡೆ ಪತ್ತುನಂಚನೆ ಮಲ್ಲಪುಲೆ",
	"CONTROLS_IF_TOOLTIP_3": "ಸುರೂತ ಮೌಲ್ಯೊ ನಿಜವಾದಿತ್ತ್‌ಂಡ, ಬುಕ್ಕೊದ ನಿರೂಪಣೆಲೆನ್ ಸುರೂಕು ತಡೆ ಮಲ್ಪುಲೆ.  ಅತ್ತಂಡ ರಡ್ಡನೆದ ನಿರೂಪಣೆನ್ ನಿಜವಾದಿತ್ತ್‌ಂಡ ಬುಕ್ಕೊ ಒಂತೆ ನಿರೂಪಣೆಲೆನ್ ಮಲ್ಪುಲೆ",
	"CONTROLS_IF_TOOLTIP_4": "ಸುರೂತ ಮೌಲ್ಯೊ ನಿಜವಾದಿತ್ತ್‌ಂಡ, ಸುರೂತ ನಿರೂಪಣೆನ್ ತಡೆ ಮಲ್ಪುಲೆ.  ರಡ್ಡನೆದ ನಿರೂಪಣೆ ನಿಜವಾದಿತ್ತ್ಂಡ, ರಡ್ಡನೆದ ನಿರೂಪಣೆನ್ ತಡೆ ಮಲ್ಪುಲೆ.  ಉಂದು ಒವ್ವೇ ಮೌಲ್ಯೊ ನಿಜವಾದಿದ್ಯಂಡ, ಅಕೇರಿದ ನಿರೂಪಣೆನ್ ತಡೆ ಮಲ್ಪುಲೆ.",
	"CONTROLS_IF_MSG_IF": "ಒಂಜಿ ವೇಲೆ",
	"CONTROLS_IF_MSG_ELSEIF": "ಬೇತೆ ಸಮಯೊ",
	"CONTROLS_IF_MSG_ELSE": "ಬೇತೆ",
	"CONTROLS_IF_IF_TOOLTIP": "ಸೇರಲ, ದೆತ್ತ್‌ ಪಾಡ್‌ಲ, ಅತ್ತಂಡ ಒಂಜಿ ವೇಲೆ ಈ ರಚನೆನ್ ತಡೆದ್, ಇಂದೆತ ಇಬಾಗೊಲೆನ್ ಬೇತೆ ಕ್ರಮೊಟು ಮಲ್ಪುಲೆ",
	"CONTROLS_IF_ELSEIF_TOOLTIP": "ಒಂಜಿ ವೇಲೆ ಒಂಜಿ ತಡೆಕ್ ಈ ಪರಿಸ್ಥಿತಿನ್ ಸೇರಲೆ",
	"CONTROLS_IF_ELSE_TOOLTIP": "ಒಂಜಿ ವೇಲೆ ಮಾಂತೆನ್ಲಾ ದೀಡೊಂದು ಅಕೇರಿದ ಪರಿಸ್ಥಿಡ್ ಸೇರಲೆ",
	"LOGIC_COMPARE_TOOLTIP_EQ": "ರಡ್ಡ್ ಅತ್ತಂದೆ ಬೇತೆ ಸೂಚನೆಲು ನಿಜೊಕ್ಕುಲಾ ಸಮೊ ಇತ್ತ್ಂಡ ಪಿರ ಕೊರ್ಲೆ.",
	"LOGIC_COMPARE_TOOLTIP_NEQ": "ರಡ್ಡ್ ಅತ್ತಂದೆ ಬೇತೆ ಸೂಚನೆಲು ನಿಜೊಕ್ಕುಲಾ ಸಮೊ ಆತಿಜಂಡ ಪಿರ ಕೊರ್ಲೆ",
	"LOGIC_COMPARE_TOOLTIP_LT": "ಸುರುತ ಅತ್ತಂದೆ ರಡ್ಡನೆದ ಸೂಚನೆ ನಿಜೊಕ್ಕುಲಾ ಒಂಜಿ ವೇಲೆ ಎಲ್ಯೆ ಆದಿತ್ತ್ಂಡ ಪಿರ ಕೊರ್ಲೆ",
	"LOGIC_COMPARE_TOOLTIP_LTE": "ಸುರುತ ಅತ್ತಂದೆ ರಡ್ಡನೆದ ಸೂಚನೆ ನಿಜೊಕ್ಕುಲಾ ದಿಂಜ ಎಲ್ಯೆ ಅತ್ತಂಡ ಸಮೊ ಆದಿತ್ತ್ಂಡ ಪಿರ ಕೊರ್ಲೆ",
	"LOGIC_COMPARE_TOOLTIP_GT": "ಸುರುತ ಅತ್ತಂದೆ ರಡ್ಡನೆದ ಸೂಚನೆಡ್ದ್ ನಿಜೊಕ್ಕುಲಾ ಮಲ್ಲೆ ಆದಿತ್ತ್ಂಡ ಪಿರ ಕೊರ್ಲೆ",
	"LOGIC_COMPARE_TOOLTIP_GTE": "ಸುರುತ ಅತ್ತಂದೆ ರಡ್ಡನೆದ ಸೂಚನೆ ನಿಜೊಕ್ಕುಲಾ ದಿಂಜ ಮಲ್ಲೆ ಅತ್ತಂಡ ಸಮೊ ಆದಿತ್ತ್ಂಡ ಪಿರ ಕೊರ್ಲೆ",
	"LOGIC_OPERATION_TOOLTIP_AND": "ರಡ್ಡ್ ಸೂಚನೆಲಾ ನಿಜೊ ಆದಿತ್ತ್ಂಡ ನಿಜವಾತ್ ಪಿರಕೊರ್ಲೆ",
	"LOGIC_OPERATION_AND": "ಬುಕ್ಕೊ",
	"LOGIC_OPERATION_TOOLTIP_OR": "ನಿಜವಾದ್‍ಲ ಒಂಜಿವೇಳೆ ಇನ್‍ಪುಟ್ ಒಂತೆ ನಿಜವಾದಿತ್ತ್ಂಡ ಪಿರಕೊರು",
	"LOGIC_OPERATION_OR": "ಅತ್ತಂಡ",
	"LOGIC_NEGATE_TITLE": "%1 ಇದ್ದಿ",
	"LOGIC_NEGATE_TOOLTIP": "ನಿಜವಾದ್‍ ಇನ್‍ಪುಟ್ ಸುಲ್ಲಾದಿತ್ತ್‌ಂಡ ಪಿರಕೊರು.  ನಿಜವಾದ್ ಸುಲ್ಲು ಇನ್‍ಪುಟ್ ಇತ್ತ್‌ಂಡ ಪಿರಕೊರು",
	"LOGIC_BOOLEAN_TRUE": "ಸತ್ಯೊ",
	"LOGIC_BOOLEAN_FALSE": "ಸುಲ್ಲು",
	"LOGIC_BOOLEAN_TOOLTIP": "ಪೂರ ಸತ್ಯೊ ಅತ್ತಂಡ ಸುಲ್ಲು ಆಂಡ ಪಿರಕೊರು",
	"LOGIC_NULL": "ಸೊನ್ನೆ",
	"LOGIC_NULL_TOOLTIP": "ಸೊನ್ನೆನ್ ಪರಿಕೊರ್ಪುಂಡು",
	"LOGIC_TERNARY_CONDITION": "ಪರೀಕ್ಷೆ",
	"LOGIC_TERNARY_IF_TRUE": "ಒಂಜಿ ವೇಲೆ ಸತ್ಯೊ",
	"LOGIC_TERNARY_IF_FALSE": "ಒಂಜಿ ವೇಲೆ ಸುಳ್ಳು",
	"LOGIC_TERNARY_TOOLTIP": "ಪರೀಕ್ಷೆದ ಸ್ಥಿತಿನ್ ಪರಿಶೀಲನೆ ಮಲ್ಲಪುಲೆ.  ಪರಿಸ್ಥಿತಿ ನಿಜವಾದಿತ್ತ್ಂಡ, ನಿಜವಾಯಿನ ಮೌಲ್ಯೊನು ಪಿರಕೊರ್ಲೆ; ಅತ್ತಂಡ ತಪ್ಪು ಮೌಲ್ಯೊನೇ ಪಿರ ಕೊರ್ಲೆ.",
	"MATH_NUMBER_HELPURL": "https://en.wikipedia.org/wiki/ಸಂಖ್ಯೆ",
	"MATH_NUMBER_TOOLTIP": "ಅ ನಂಬ್ರೊ",
	"MATH_ARITHMETIC_HELPURL": "https://en.wikipedia.org/wiki/ಅಂಕಗಣಿತ",
	"MATH_ARITHMETIC_TOOLTIP_ADD": "ಸಂಖ್ಯೆದ ಮೊತ್ತನ್ ಪಿರ ಕೊರು.",
	"MATH_ARITHMETIC_TOOLTIP_MINUS": "ಸಂಖ್ಯೆದ ವ್ಯತ್ಯಾಸೊನು ಪರಕೊರು.",
	"MATH_ARITHMETIC_TOOLTIP_MULTIPLY": "ಸಂಖ್ಯೆದ ಉತ್ಪನ್ನೊನು ಪಿರ ಕೊರು.",
	"MATH_ARITHMETIC_TOOLTIP_DIVIDE": "ಸಂಖ್ಯೆದ ಭಾಗಲಬ್ದೊನು ಪಿರ ಕೊರು.",
	"MATH_ARITHMETIC_TOOLTIP_POWER": "ಒಂಜನೆ ಸಂಖ್ಯೆದ ಶಕ್ತಿನ್ ರಡ್ಡನೆ ಸಂಖ್ಯೆಡ್ದ್ ಪಿರ ಹೆಚ್ಚಿಗೆ ಮಲ್ಪುಲೆ.",
	"MATH_SINGLE_HELPURL": "https://en.wikipedia.org/wiki/ವರ್ಗೊಮೂಲೊ",
	"MATH_SINGLE_OP_ROOT": "ವರ್ಗಮೂಲೊ",
	"MATH_SINGLE_TOOLTIP_ROOT": "ಸಂಖ್ಯೆದ ವರ್ಗಮೂಲೊನು ಪಿರ ಕೊರು.",
	"MATH_SINGLE_OP_ABSOLUTE": "ಸಂಪೂರ್ನೊ",
	"MATH_SINGLE_TOOLTIP_ABS": "ಸಂಖ್ಯೆದ ಸರಿಯಾಯಿನ ಮೌಲ್ಯೊನು ಕೊರು",
	"MATH_SINGLE_TOOLTIP_NEG": "ಸಂಖ್ಯೆದ ನಿರಾಕರಣೆನ್ ಪಿರಕೊರು",
	"MATH_SINGLE_TOOLTIP_LN": "ಸಂಖ್ಯೆದ ನಿಜವಾಯಿನ ಕ್ರಮಾವಳಿನ್ ಪಿರಕೊರು",
	"MATH_SINGLE_TOOLTIP_LOG10": "ಸಂಖ್ಯೆದ ೧೦ ಮೂಲೊ ಕ್ರಮಾವಳಿನ್ ಪಿರಕೊರು",
	"MATH_SINGLE_TOOLTIP_EXP": "ಸಂಖ್ಯೆದ ಇ ಗ್ ಅಧಿಕಾರೊನು ಪಿರಕೊರು",
	"MATH_SINGLE_TOOLTIP_POW10": "ಸಂಖ್ಯೆದ ೧೦ಗ್ ಅಧಿಕಾರೊನು ಪಿರಕೊರು",
	"MATH_TRIG_HELPURL": "https://en.wikipedia.org/wiki/ತ್ರಿಕೋನಮಿತಿದ_ಕಾರ್ಯೊಲು",
	"MATH_TRIG_TOOLTIP_SIN": "ಪದವಿದ ಚಿಹ್ನೆನ್ ಪಿರಕೊರು",
	"MATH_TRIG_TOOLTIP_COS": "ಪದವಿದ ಸಹ ಚಿಹ್ನೆನ್ ಪಿರಕೊರು",
	"MATH_TRIG_TOOLTIP_TAN": "ಪದವಿದ ಸ್ಪರ್ಶಕೊನು ಪಿರಕೊರು",
	"MATH_TRIG_TOOLTIP_ASIN": "ಪದವಿದ ಆರ್ಕ್ಸೈನ್ ಪಿರಕೊರು",
	"MATH_TRIG_TOOLTIP_ACOS": "ಸಂಖ್ಯೆದ ಆರ್ಕ್ಕೊಸಿನ್ ಪಿರಕೊರು",
	"MATH_TRIG_TOOLTIP_ATAN": "ಸಂಖ್ಯೆದ ಆರ್ಕ್ಟ್ಯಾಂಜೆಂಟ್ ಪಿರಕೊರು",
	"MATH_CONSTANT_HELPURL": "https://en.wikipedia.org/wiki/ಗಣಿತ_ನಿರಂತರ",
	"MATH_CONSTANT_TOOLTIP": "ಸಾಮಾನ್ಯವಾದ್ ಒಂಜಿ ಸ್ಥಿರವಾದಿತ್ತ್‌ಂಡ ಪಿರಕೊರು: π (3.141…), e (2.718…), φ (1.618…), sqrt(2) (1.414…), sqrt(½) (0.707…), or ∞ (infinity).",
	"MATH_IS_EVEN": "ಸಮೊ ಆತ್ಂಡ್",
	"MATH_IS_ODD": "ಬೆಸೊ ಆತ್ಂಡ್",
	"MATH_IS_PRIME": "ಎಡ್ಡೆ ಆತ್ಂಡ್",
	"MATH_IS_WHOLE": "ಮಾಂತ ಆತ್ಂಡ್",
	"MATH_IS_POSITIVE": "ಗುನೊ ಆತ್ಂಡ್",
	"MATH_IS_NEGATIVE": "ರುನೊ ಆತ್ಂಡ್",
	"MATH_IS_DIVISIBLE_BY": "ಭಾಗಿಸವೊಲಿಯ",
	"MATH_IS_TOOLTIP": "ಒಂಜಿ ವೇಲ್ಯೊ ಸಂಖ್ಯೆ ಸರಿ, ಬೆಸ, ಅವಿಭಾಜ್ಯ, ಇಡೀ, ಕೂಡಬುನ, ಕಲೆವುನ, ಅತ್ತಂಡ ನಿರ್ದಿಷ್ಟ ಸಂಖ್ಯೆಡ್ದ್ ಭಾಗಿಸವುಂಡಂದ್ ಪರಿಶೀಲಿಸ.  ಸರಿ ಅತ್ತಂಡ ತಪ್ಪುನು ಪಿರಕೊರು.",
	"MATH_CHANGE_TITLE": "%1 ಡ್ದ್ %2 ಬದಲಾಯಿಸವೊಲಿ",
	"MATH_CHANGE_TOOLTIP": "'%1' ಬದಲ್ ಮಲ್ಪುನಂಚಿನ ಒಂಜಿ ನಂಬರ್‍ನ್ ಸೇರಾವು",
	"MATH_ROUND_HELPURL": "https://en.wikipedia.org/wiki/ಪೂರ್ಣಾಂಕೊ",
	"MATH_ROUND_TOOLTIP": "ಸಂಖ್ಯೆನ್ ಮಿತ್ತ್ ಅತ್ತಂಡ ತಿರ್ತ್ ರೌಂಡ್ ಮಲ್ಪು",
	"MATH_ROUND_OPERATOR_ROUND": "ಸುತ್ತು",
	"MATH_ROUND_OPERATOR_ROUNDUP": "ಮುಗಿಪುನ ಸಮಯೊ",
	"MATH_ROUND_OPERATOR_ROUNDDOWN": "ಸುತ್ತು ಕಡಮೆ",
	"MATH_ONLIST_OPERATOR_SUM": "ಒಟ್ಟು ಕೂಡಯಿನಾ ಪಟ್ಟಿ",
	"MATH_ONLIST_TOOLTIP_SUM": "ಪಟ್ಟಿದಾ ಮಾಂತ ಸಂಕ್ಯೆಲೆನ್ ಪಿರಕೊರ್ಲೆ",
	"MATH_ONLIST_OPERATOR_MIN": "ಕಿನ್ಯ ಪಟ್ಟಿ",
	"MATH_ONLIST_TOOLTIP_MIN": "ಪಟ್ಟಿದಾ ಕಿನ್ಯ ಸಂಕ್ಯೆನ್ ಪಿರಕೊರು",
	"MATH_ONLIST_OPERATOR_MAX": "ಪಟ್ಟಿನ್ ಮಿಸ್ರೊ ಮಲ್ಪು",
	"MATH_ONLIST_TOOLTIP_MAX": "ಪಟ್ಟಿದಾ ಮಲ್ಲ ಸಂಕ್ಯೆನ್ ಪಿರಕೊರು",
	"MATH_ONLIST_OPERATOR_AVERAGE": "ಸರಾಸರಿ ಪಟ್ಟಿ",
	"MATH_ONLIST_TOOLTIP_AVERAGE": "ಪಟ್ಟಿಡುಪ್ಪುನ ಸರ್ವಸಾಧಾರಣ ಬಿಲೆನ್ ಪಿರಕೋರ್ಲೆ",
	"MATH_ONLIST_OPERATOR_MEDIAN": "ನಡುತ ಪಟ್ಟಿ",
	"MATH_ONLIST_TOOLTIP_MEDIAN": "ಪಟ್ಟಿದಾ ನಡುತ ಸಂಕ್ಯೆನ್ ಪಿರಕೊರು",
	"MATH_ONLIST_OPERATOR_MODE": "ಪಟ್ಟಿದ ಇದಾನೊಲು",
	"MATH_ONLIST_TOOLTIP_MODE": "ಪಟ್ಟಿದ ಸಾಮಾನ್ಯೊ ಅಂಸೊಲೆನ ಪಟ್ಟಿನ್ ಪಿರಕೊರು",
	"MATH_ONLIST_OPERATOR_STD_DEV": "ಕಬರ್ ಪಟ್ಟಿದ ಪ್ರಮಾನೊ",
	"MATH_ONLIST_TOOLTIP_STD_DEV": "ಪಟ್ಟಿದ ಗುಣಮಟ್ಟೊದ ವರ್ಗೀಕರಣೊನು ಪಿರಕೊರು",
	"MATH_ONLIST_OPERATOR_RANDOM": "ಗೊತ್ತುಗುರಿ ದಾಂತಿನ ಅಂಸೊದ ಪಟ್ಟಿ",
	"MATH_ONLIST_TOOLTIP_RANDOM": "ಪಟ್ಟಿದ ಗೊತ್ತು ಗುರಿದಾಂತಿನ ಅಂಸೊಲೆನ್ ಪಿರಕೊರು",
	"MATH_MODULO_HELPURL": "https://en.wikipedia.org/wiki/ಮೋಡ್ಯುಲೊ_ಒಪರೇಶನ್",
	"MATH_MODULO_TITLE": " %1 ÷ %2 ಒರಿನ ಬಾಗೊ",
	"MATH_MODULO_TOOLTIP": "ರಡ್ಡ್ ಸಂಖ್ಯೆದ ಇಬಾಗೊಡ್ದು ಒರಿನ ಬಾಗೊನು ಪಿರಕೊರು",
	"MATH_CONSTRAIN_TITLE": " %1 ಕಮ್ಮಿ %2 ಜಾಸ್ತಿ %3 ಕಡ್ಡಾಯ ಮಲ್ಪು",
	"MATH_CONSTRAIN_TOOLTIP": "ನಿಗದಿತ ನಿಯಮೊಗು ನಡುಟು ದಿಂಜ ನಿರ್ಬಂದೊ(ಸೇರ್‍ನಂಚ)",
	"MATH_RANDOM_INT_HELPURL": "https://en.wikipedia.org/wiki/ರಾಂಡಮ್_ನಂಬರ್_ಜನರೇಶನ್",
	"MATH_RANDOM_INT_TITLE": " %1 ಡ್ದ್ %2 ಯಾದೃಚ್ಛಿಕ ಪೂರ್ಣಾಂಕೊ",
	"MATH_RANDOM_INT_TOOLTIP": "ರಡ್ಡ್ ನಿಗದಿತ ನಿಯಮೊದ ನಡುತ ಯಾದೃಚ್ಛಿಕ ಪೂರ್ಣಾಂಕೊನು ಪಿರಕೊರು",
	"MATH_RANDOM_FLOAT_HELPURL": "https://en.wikipedia.org/wiki/ರಾಂಡಮ್_ನಂಬರ್_ಜನರೇಶನ್",
	"MATH_RANDOM_FLOAT_TITLE_RANDOM": "ಗೊತ್ತುಗುರಿ ದಾಂತಿನ ಬಾಗೊ",
	"MATH_RANDOM_FLOAT_TOOLTIP": "0.0 (ಸೇರ್ನಂಚಿನ) and 1.0 (ಸೇರಂದಿನಂಚಿನ) ನಡುತ ಗೊತ್ತು ಗುರಿದಾಂತಿನ ಬಾಗೊನು ಪಿರಕೊರು.",
	"TEXT_TEXT_HELPURL": "https://en.wikipedia.org/wiki/ಸ್ಟ್ರಿಂಗ್_(ಕಂಪ್ಯೂಟರ್_ಸೈನ್ಸ್)",
	"TEXT_TEXT_TOOLTIP": "ಒಂಜಿ ಅಕ್ಷರೊ, ಪದೊ ಅತ್ತಂಡ ಪಾಟೊದ ಒಂಜಿ ಸಾಲ್",
	"TEXT_JOIN_TITLE_CREATEWITH": "ಪಟ್ಯೊನು ರಚನೆ ಮಲ್ಪು",
	"TEXT_JOIN_TOOLTIP": "ಒವ್ವೇ ಸಂಖ್ಯೆದ ಪಟ್ಯೊದ ತುಂಡುಲೆನ್ ಒಟ್ಟೂಗೆ ಸೇರಯರ ರಚಿಸಲೆ",
	"TEXT_CREATE_JOIN_TITLE_JOIN": "ಸೇರೊಲಿ",
	"TEXT_CREATE_JOIN_TOOLTIP": "ಸೇರಯರ, ದೆತ್ತ್‌ ಪಾಡೆರೆ ಅತ್ತಂಡ ಈ ಪಟ್ಯೊಲೆನ್ ತಡೆದ್ ಪತ್ತ್‌ದ್ ಪಿರ ರಚಿಸಯರ ಇಬಾಗೊ ಮಲ್ಪುಲೆ.",
	"TEXT_CREATE_JOIN_ITEM_TOOLTIP": "ಪಟ್ಯೊಡು ಅಂಸೊಲೆನ್ ಸೇರಲೆ",
	"TEXT_APPEND_TO": "ಇಂದೆಕ್",
	"TEXT_APPEND_APPENDTEXT": "ಪಟ್ಯೊನು ಸೇರವೆ",
	"TEXT_APPEND_TOOLTIP": "%1 ಬದಲಾಪುನ ಕೆಲವು ಪಟ್ಯೊಲೆನ್ ಸೇರಾವೊಂಡು.",
	"TEXT_LENGTH_TITLE": "೧% ಉದ್ದೊ",
	"TEXT_LENGTH_TOOLTIP": "ಕೊರ್‌ನ ಪಟ್ಯೊದ ಅಕ್ಷರೊಲೆನ(ಅಂತರೊಲು ಸೇರ್‌ನಂಚ) ಸಂಖ್ಯೆನ್ ಪಿರಕೊರು.",
	"TEXT_ISEMPTY_TITLE": "%1 ಕಾಲಿ",
	"TEXT_ISEMPTY_TOOLTIP": "ಕೊರ್‌ನ ಪಟ್ಯೊ ಕಾಲಿಂದ್ ಸತ್ಯೊ ಆಂಡ ಪಿರಕೊರು",
	"TEXT_INDEXOF_TOOLTIP": "ಸುರುತ ಪಟ್ಯೊದ ಸೂಚ್ಯಿ/ಅಕೇರಿಟ್ ಸಂಭವಿಸವುನ ಸುರುತ ಪಟ್ಟಯೊದುಲಯಿದ ರಡ್ಡನೆ ಪಟ್ಯೊನು ಪಿರಕೊರು.  %1 ಪಟ್ಯೊ ತಿಕಂದಿತ್ತ್‌ಂಡ ಪಿರಕೊರು.",
	"TEXT_INDEXOF_INPUT_INTEXT": "ಪಟ್ಯೊಡು",
	"TEXT_INDEXOF_OPERATOR_FIRST": "ಸುರುಟು ಸಂಭವಿಸಯಿನ ಪಟ್ಯೊನು ನಾಡ್‍ಲ",
	"TEXT_INDEXOF_OPERATOR_LAST": "ದುಂಬು ಕರಿನ ಪಟ್ಯೊನು ನಾಡ್‍ಲೆ",
	"TEXT_CHARAT_INPUT_INTEXT": "ಪಟ್ಯೊಡು",
	"TEXT_CHARAT_FROM_START": "ಅಕ್ಸರೊನು ದೆತೊನುಲೆ#",
	"TEXT_CHARAT_FROM_END": "ಅಕ್ಷರೊ ನಟೊನ್#ಅಕೇರಿಡ್ದ್",
	"TEXT_CHARAT_FIRST": "ಸುರುಡ್ದ್ ಅಕ್ಷರೊನು ನಟೊನ್ಲ",
	"TEXT_CHARAT_LAST": "ಅಕೇರಿದ ಅಕ್ಷರೊನು ನಟೊನ್ಲ",
	"TEXT_CHARAT_RANDOM": "ಗೊತ್ತುಗುರಿದಾಂತಿ ಅಕ್ಷರೊನು ನಟೊನ್ಲ",
	"TEXT_CHARAT_TOOLTIP": "ಅಕ್ಷರೊನು ನಿರ್ದಿಷ್ಟ ಜಾಗೆಡ್ ಪಿರಕೊರು.",
	"TEXT_GET_SUBSTRING_TOOLTIP": "ಪಟ್ಯೊನು ನಿರ್ದಿಷ್ಟ ಬಾಗೊಡು ಪಿರಕೊರು",
	"TEXT_GET_SUBSTRING_INPUT_IN_TEXT": "ಪಟ್ಯೊಡು",
	"TEXT_GET_SUBSTRING_START_FROM_START": "ಉಪ ವಾಕ್ಯೊಡ್ದು ಅಕ್ಷರೊನು ನಟೊನ್ಲ",
	"TEXT_GET_SUBSTRING_START_FROM_END": "ಉಪ ವಾಕ್ಯೊಡ್ದು ಅಕ್ಷರೊನು ನಟೊನ್ಲ#ಅಕೇರಿಡ್ದ್",
	"TEXT_GET_SUBSTRING_START_FIRST": "ಉಪ ವಾಕ್ಯೊಡ್ದು ಸುರುತ ಅಕ್ಷರೊನು ನಟೊನ್ಲ",
	"TEXT_GET_SUBSTRING_END_FROM_START": "ಅಕ್ಷರೊಗು#",
	"TEXT_GET_SUBSTRING_END_FROM_END": "ಅಕ್ಷರೊಗು#ಅಕೇರಿಡ್ದ್",
	"TEXT_GET_SUBSTRING_END_LAST": "ಅಕೇರಿದ ಅಕ್ಷರೊಗು",
	"TEXT_CHANGECASE_TOOLTIP": "ಪಟ್ಯೊದ ಒಂಜಿ ನಕಲ್‍ನ್ ಬೇತೆ ಸಮಯೊಡು ಪಿರಕೊರು",
	"TEXT_CHANGECASE_OPERATOR_UPPERCASE": "ಮಲ್ಲ ಅಕ್ಷರೊಗು",
	"TEXT_CHANGECASE_OPERATOR_LOWERCASE": "ಎಲ್ಯ ಅಕ್ಷರೊಗು",
	"TEXT_CHANGECASE_OPERATOR_TITLECASE": "ತರೆಬರವುಗು",
	"TEXT_TRIM_TOOLTIP": "ಒಂಜಿ ಅತ್ತಂಡ ರಡ್ಡ್ ಕೊಡಿಡ್ದ್ ದೆತ್ತ್‌ನ ಕಅಲಿ ಪಟ್ಯೊದ ಪ್ರತಿನ್ ಪಿರಕೊರು.",
	"TEXT_TRIM_OPERATOR_BOTH": "ರಡ್ಡ್ ಬರಿತ ಜಾಗೆನ್ಲ ಕತ್ತೆರಿಪುಲೆ.",
	"TEXT_TRIM_OPERATOR_LEFT": "ಎಡತ ಬರಿತ ಜಾಗೆನ್ ಕತ್ತೆರಿಪುಲೆ.",
	"TEXT_TRIM_OPERATOR_RIGHT": "ಬಲತ ಬರಿತ ಜಾಗೆನ್ ಕತ್ತೆರಿಪುಲೆ.",
	"TEXT_PRINT_TITLE": "%1 ಮುದ್ರಿತ",
	"TEXT_PRINT_TOOLTIP": "ನಿರ್ದಿಷ್ಟ ಪಟ್ಯೊ, ಸಂಖ್ಯೆ ಅತ್ತಂಡ ಬೇತೆ ಮೌಲ್ಯೊನು ಮುದ್ರಿಸಲೆ.",
	"TEXT_PROMPT_TYPE_TEXT": "ಪಟ್ಯೊದೊಟ್ಟುಗೆ ಸಂದೇಸೊನು ಕೇನುಂಡು.",
	"TEXT_PROMPT_TYPE_NUMBER": "ಸಂಖ್ಯೆದೊಟ್ಟುಗೆ ಸಂದೇಸೊನು ಕೇನುಂಡು",
	"TEXT_PROMPT_TOOLTIP_NUMBER": "ದಿಂಜ ಬಳಕೆದಾರೆರೆನ್ ಕೇನುಂಡು.",
	"TEXT_PROMPT_TOOLTIP_TEXT": "ಕೆಲವು ಪಟ್ಯೊದ ಬಳಕೆದಾರೆರೆನ್ ಕೇನುಂಡು.",
	"LISTS_CREATE_EMPTY_TITLE": "ಕಾಲಿ ಪಟ್ಟಿನ್ ಸ್ರಿಸ್ಟಿಸಲೆ",
	"LISTS_CREATE_EMPTY_TOOLTIP": "ಒಂಜಿ ಪಟ್ಟಿ, ೦ದ ಉದ್ದೊ, ಒವ್ವೇ ಅಂಕಿಅಂಸೊ ಇದ್ಯಾಂತಿನ ದಾಖಲೆ ಪಿರಕೊರು.",
	"LISTS_CREATE_WITH_TOOLTIP": "ಒವ್ವೇ ಸಂಖ್ಯೆದ ಪಟ್ಟಿಲೆ ಅಂಸೊದೊಟ್ಟುಗೆ ರಚಿಸಲೆ",
	"LISTS_CREATE_WITH_INPUT_WITH": "ಜತೆ ಪಟ್ಟಿನ್ ರಚಿಸಲೆ",
	"LISTS_CREATE_WITH_CONTAINER_TITLE_ADD": "ಪಟ್ಟಿ",
	"LISTS_CREATE_WITH_CONTAINER_TOOLTIP": "ಸೇರಯರ, ದೆತ್ತ್‌ ಪಾಡೆರೆ ಅತ್ತಂಡ ಈ ಪಟ್ಯೊಲೆನ್ ತಡೆದ್ ಪತ್ತ್‌ದ್ ಇಬಾಗೊ ಮಲ್ಪುಲೆ.",
	"LISTS_CREATE_WITH_ITEM_TOOLTIP": "ಪಟ್ಟಿಡ್ ಕೆಲವು ಅಂಸೊಲೆನ್ ಸೇರಲೆ.",
	"LISTS_REPEAT_TOOLTIP": "ಕೊರ್‍ನ ಮೌಲ್ಯಡು ನಿರ್ದಿಷ್ಟ ಕಾಲೊಡು ಪಿರೊತ ಪಟ್ಟಿನ್ ರಚಿಸಲೆ.",
	"LISTS_REPEAT_TITLE": "%1 ಪಿರೊರ %2 ಕಾಲೊಡು ಪಟ್ಟಿಲೆನ ಅಂಸೊನು ರಚಿಸಲೆ.",
	"LISTS_LENGTH_TITLE": "೧% ಉದ್ದೊ",
	"LISTS_LENGTH_TOOLTIP": "ಪಟ್ಟಿದ ಉದ್ದೊನು ಪಿರಕೊರು.",
	"LISTS_ISEMPTY_TITLE": "%1 ಕಾಲಿ",
	"LISTS_ISEMPTY_TOOLTIP": "ಪಟ್ಯೊ ಕಾಲಿ ಪನ್ಪುನವು ಸತ್ಯೊ ಆಂಡ ಪಿರಕೊರು.",
	"LISTS_INLIST": "ಪಟ್ಟಿಡ್",
	"LISTS_INDEX_OF_FIRST": "ದುಂಬು ಕರಿನ ಪಟ್ಯೊನು ನಾಡ್‍ಲೆ",
	"LISTS_INDEX_OF_LAST": "ಅಕೆರಿಗ್ ಕರಿನ ಪಟ್ಯೊನು ನಾಡ್‍ಲೆ",
	"LISTS_INDEX_OF_TOOLTIP": "ಸುರುತ ಪಟ್ಯೊದ ಸೂಚ್ಯಿ/ಅಕೇರಿಟ್ ಸಂಭವಿಸವುನ ಸುರುತ ಪಟ್ಟಯೊದುಲಯಿದ ರಡ್ಡನೆ ಪಟ್ಯೊನು ಪಿರಕೊರು.  %1 ಪಟ್ಯೊ ತಿಕಂದಿತ್ತ್‌ಂಡ ಪಿರಕೊರು.",
	"LISTS_GET_INDEX_GET": "ದೆತೊನು",
	"LISTS_GET_INDEX_GET_REMOVE": "ದೆತೊನಿಯರ ಬುಕ್ಕೊ ದೆಪ್ಪೆರೆ",
	"LISTS_GET_INDEX_REMOVE": "ದೆಪ್ಪುಲೆ",
	"LISTS_GET_INDEX_FROM_END": "# ಅಕೇರಿಡ್ದ್",
	"LISTS_GET_INDEX_FIRST": "ಸುರುತ",
	"LISTS_GET_INDEX_LAST": "ಕಡೆತ",
	"LISTS_GET_INDEX_RANDOM": "ಗೊತ್ತು ಗುರಿದಾಂತಿನ",
	"LISTS_INDEX_FROM_START_TOOLTIP": "%1 ಸುರುತ ಅಂಸೊ",
	"LISTS_INDEX_FROM_END_TOOLTIP": "%1 ಅಕೇರಿತ ಅಂಸೊ",
	"LISTS_GET_INDEX_TOOLTIP_GET_FROM": "ನಿರ್ದಸ್ಟೊ ಜಾಗೆಡುಪ್ಪುನ ಅಂಸೊಲೆ ಪಟ್ಟಿನ್ ಪಿರಕೊರು",
	"LISTS_GET_INDEX_TOOLTIP_GET_FIRST": "ಸುರುತ ಅಂಸೊಲೆನ ಪಟ್ಟಿನ್ ಪಿರಕೊರು.",
	"LISTS_GET_INDEX_TOOLTIP_GET_LAST": "ಅಕೇರಿದ ಅಂಸೊಲೆನ ಪಟ್ಟಿನ್ ಪಿರಕೊರು.",
	"LISTS_GET_INDEX_TOOLTIP_GET_RANDOM": "ಗೊತ್ತುಗುರಿದಾಂತಿನ ಅಂಸೊಲೆನ ಪಟ್ಟಿನ್ ಪಿರಕೊರು.",
	"LISTS_GET_INDEX_TOOLTIP_GET_REMOVE_FROM": "ನಿರ್ದಿಸ್ಟೊ ಜಾಗೆಡುಪ್ಪುನ ಅಂಸೊಲೆ ಪಟ್ಟಿನ್ ದೆಪ್ಪು ಅತ್ತಂಡ ಪಿರಕೊರು",
	"LISTS_GET_INDEX_TOOLTIP_GET_REMOVE_FIRST": "ಸುರುತ ಅಂಸೊಲೆನ ಪಟ್ಟಿನ್ ದೆಪ್ಪು ಅತ್ತಂಡ ಪಿರಕೊರು.",
	"LISTS_GET_INDEX_TOOLTIP_GET_REMOVE_LAST": "ಅಕೇರಿದ ಅಂಸೊಲೆನ ಪಟ್ಟಿನ್ ದೆಪ್ಪು ಅತ್ತಂಡ ಪಿರಕೊರು.",
	"LISTS_GET_INDEX_TOOLTIP_GET_REMOVE_RANDOM": "ಗೊತ್ತುಗುರಿದಾಂತಿನ ಅಂಸೊಲೆನ ಪಟ್ಟಿನ್ ದೆಪ್ಪು ಅತ್ತಂಡ ಪಿರಕೊರು.",
	"LISTS_GET_INDEX_TOOLTIP_REMOVE_FROM": "ನಿರ್ದಿಸ್ಟೊ ಜಾಗೆಡುಪ್ಪುನ ಅಂಸೊಲೆ ಪಟ್ಟಿನ್ ದೆಪ್ಪುಲೆ",
	"LISTS_GET_INDEX_TOOLTIP_REMOVE_FIRST": "ಸುರುತ ಅಂಸೊಲೆನ ಪಟ್ಟಿನ್ ದೆಪ್ಪು.",
	"LISTS_GET_INDEX_TOOLTIP_REMOVE_LAST": "ಅಕೇರಿದ ಅಂಸೊಲೆನ ಪಟ್ಟಿನ್ ದೆಪ್ಪು.",
	"LISTS_GET_INDEX_TOOLTIP_REMOVE_RANDOM": "ಗೊತ್ತುಗುರಿದಾಂತಿನ ಅಂಸೊಲೆನ ಪಟ್ಟಿನ್ ದೆಪ್ಪು.",
	"LISTS_SET_INDEX_SET": "ಮಾಲ್ಪು",
	"LISTS_SET_INDEX_INSERT": "ಸೇರಲ",
	"LISTS_SET_INDEX_INPUT_TO": "ಅಂಚ",
	"LISTS_SET_INDEX_TOOLTIP_SET_FROM": "ನಿರ್ದಿಸ್ಟೊ ಜಾಗೆಡುಪ್ಪುನ ಅಂಸೊಲೆ ಪಟ್ಟಿನ್ ಮಾಲ್ಪು",
	"LISTS_SET_INDEX_TOOLTIP_SET_FIRST": "ಸುರುತ ಅಂಸೊಲೆನ ಪಟ್ಟಿನ್ ಮಾಲ್ಪು.",
	"LISTS_SET_INDEX_TOOLTIP_SET_LAST": "ಅಕೇರಿದ ಅಂಸೊಲೆನ ಪಟ್ಟಿನ್ ಮಾಲ್ಪು.",
	"LISTS_SET_INDEX_TOOLTIP_SET_RANDOM": "ಗೊತ್ತುಗುರಿದಾಂತಿನ ಅಂಸೊಲೆನ ಪಟ್ಟಿನ್ ಮಾಲ್ಪು.",
	"LISTS_SET_INDEX_TOOLTIP_INSERT_FROM": "ನಿರ್ದಿಸ್ಟೊ ಜಾಗೆಡುಪ್ಪುನ ಅಂಸೊಲೆ ಪಟ್ಟಿನ್ ಸೇರಲ",
	"LISTS_SET_INDEX_TOOLTIP_INSERT_FIRST": "ಸುರುತ ಅಂಸೊಲೆ ಪಟ್ಟಿನ್ ಸೇರಲ.",
	"LISTS_SET_INDEX_TOOLTIP_INSERT_LAST": "ಪಟ್ಟಿದ ಅಕೇರಿಗ್ ಈ ಅಂಸೊಲೆನ್ ಸೇರಲ.",
	"LISTS_SET_INDEX_TOOLTIP_INSERT_RANDOM": "ಪಟ್ಟಿಗ್ ಗೊತ್ತುಗುರಿದಾಂತೆ ಅಂಸೊಲೆನ್ ಸೇರಲ.",
	"LISTS_GET_SUBLIST_START_FROM_START": "ಉಪ-ಪಟ್ಯೊನು ದೆತೊನು#",
	"LISTS_GET_SUBLIST_START_FROM_END": "ಉಪ-ಪಟ್ಯೊನು ದೆತೊನು#ಅಕೇರಿಡ್ದ್",
	"LISTS_GET_SUBLIST_START_FIRST": "ಉಪ-ಪಟ್ಯೊನು ಸುರುಡ್ದು ದೆತೊನು",
	"LISTS_GET_SUBLIST_END_FROM_START": "ಡ್ದ್",
	"LISTS_GET_SUBLIST_END_FROM_END": "ಡ್ದ್ # ಅಕೇರಿಗ್",
	"LISTS_GET_SUBLIST_END_LAST": "ಅಕೇರಿಡ್ದ್",
	"LISTS_GET_SUBLIST_TOOLTIP": "ಪಟ್ಯೊದ ನಿರ್ದಿಷ್ಟ ಬಾಗೊದ ಪ್ರತಿನ್ ಸ್ರಸ್ಟಿಸವುಂಡು.",
	"LISTS_SORT_HELPURL": "https://github.com/google/blockly/wiki/Lists#sorting-a-list",
	"LISTS_SORT_TITLE": "%1 %2 %3 ಇಂಗಡಿಪು",
	"LISTS_SORT_TOOLTIP": "ಪಟ್ಟಿಲೆ ಪ್ರತಿನ್ ಇಂಗಡಿಪುಲೆ",
	"LISTS_SORT_ORDER_ASCENDING": "ಮಿತ್ತ್ ಪೋಪುನೆ",
	"LISTS_SORT_ORDER_DESCENDING": "ತಿರ್ತ್ ಪೋಪುನೆ",
	"LISTS_SORT_TYPE_NUMERIC": "ಸಂಕೇತೊ",
	"LISTS_SORT_TYPE_TEXT": "ಅಕ್ಷರೊಲು",
	"LISTS_SORT_TYPE_IGNORECASE": "ಅಕ್ಷರೊಲು, ಸಂದರ್ಭೊಡು ನಿರ್ಲಕ್ಷಿಸಲೆ",
	"LISTS_SPLIT_LIST_FROM_TEXT": "ಪಟ್ಯೊಲೆ ಪಟ್ಟಿನ್ ತಯಾರ್ ಮಲ್ಪುಲೆ",
	"LISTS_SPLIT_TEXT_FROM_LIST": "ಪಟ್ಟಿದ ಪಟ್ಯೊನು ತಯಾರ್ ಮಲ್ಪುಲೆ",
	"LISTS_SPLIT_WITH_DELIMITER": "ಮಿತಿಸೂಚಕೊದ ಒಟ್ಟುಗು",
	"LISTS_SPLIT_TOOLTIP_SPLIT": "ಗ್ರಂತೊಲೆನ ಪಟ್ಟಿಡ್ದ್ ಪಟ್ಯೊಲೆನ್ ಬೇತೆ ಮಾಲ್ತ್‌ಂಡ,ಪ್ರತಿ ಮಿತಿಸೂಚಕೊಡು ಬೇತೆ ಆಪುಂಡು.",
	"LISTS_SPLIT_TOOLTIP_JOIN": "ಒಂಜಿ ಗ್ರಂತೊಡ್ದು ಒಂಜಿ ಪಟ್ಯೊದ ಪಟ್ಟಿಗ್ ಸೇರಾದ್, ಮಿತಿಸೂಚಕೊದ ಮೂಲಕೊ ಬೇತೆ ಮಲ್ಪುಲೆ.",
	"VARIABLES_GET_TOOLTIP": "ಈ ವ್ಯತ್ಯಯೊದ ಮೌಲ್ಯೊನು ಪಿರಕೊರು.",
	"VARIABLES_GET_CREATE_SET": "'%1' ರಚನೆ ಮಲ್ಪುಲೆ",
	"VARIABLES_SET": "%1 ಡ್ದು %2 ಮಲ್ಪುಲೆ",
	"VARIABLES_SET_TOOLTIP": "ಉಲಯಿ ಬರ್ಪುನವು ಸಮಪಾಲ್ ಇಪ್ಪುನಂಚ ವ್ಯತ್ಯಾಸೊ ಮಾಲ್ಪು",
	"VARIABLES_SET_CREATE_GET": "'%1' ರಚನೆ ಮಲ್ಪುಲೆ",
	"PROCEDURES_DEFNORETURN_TITLE": "ಇಂದೆಕ್",
	"PROCEDURES_DEFNORETURN_PROCEDURE": "ಎಂಚಿನಾಂಡಲ ಮಲ್ಪು",
	"PROCEDURES_BEFORE_PARAMS": "ಜೊತೆ:",
	"PROCEDURES_CALL_BEFORE_PARAMS": "ಜೊತೆ:",
	"PROCEDURES_DEFNORETURN_TOOLTIP": "ಉತ್ಪಾದನೆ ದಾಂತಿನ ಕಾರ್ಯೊನು ಸ್ರಿಸ್ಟಿಸಲೆ.",
	"PROCEDURES_DEFNORETURN_COMMENT": "ಈ ಕಾರ್ಯೊನು ಇವರಿಸಲೆ...",
	"PROCEDURES_DEFRETURN_RETURN": "ಪಿರಪೋ",
	"PROCEDURES_DEFRETURN_TOOLTIP": "ಉತ್ಪಾದನೆ ದಾಂತಿನ ಕಾರ್ಯೊನು ಸ್ರಿಸ್ಟಿಸಲೆ.",
	"PROCEDURES_ALLOW_STATEMENTS": "ಹೇಳಿಕೆಗ್ ಅವಕಾಸೊ",
	"PROCEDURES_DEF_DUPLICATE_WARNING": "ಎಚ್ಚರಿಕೆ: ಈ ಕಾರ್ಯೊ ನಕಲಿ ಮಾನದಂಡೊನು ಹೊಂದ್‍ದ್ಂಡ್.",
	"PROCEDURES_CALLNORETURN_HELPURL": "https://en.wikipedia.org/wiki/ಪ್ರೊಸಿಜರ್_%28ಕಂಪ್ಯೂಟರ್_ಸೈನ್ಸ್%29",
	"PROCEDURES_CALLNORETURN_TOOLTIP": "'%1' ಬಳಕೆದಾರೆರೆ ಕಾರ್ಯೊನು ನಡಪಾಲೆ.",
	"PROCEDURES_CALLRETURN_HELPURL": "https://en.wikipedia.org/wiki/ಪ್ರೊಸಿಜರ್_%28ಕಂಪ್ಯೂಟರ್_ಸೈನ್ಸ್%29",
	"PROCEDURES_CALLRETURN_TOOLTIP": " '%1' ಬಳಕೆದಾರೆರೆ ಕಾರ್ಯೊನು ನಡಪಾಲೆ ಬುಕ್ಕೊ ಅಯಿತ ಉತ್ಪಾದನೆನ್ ಉಪಯೋಗಿಸಲೆ.",
	"PROCEDURES_MUTATORCONTAINER_TITLE": "ಉಲಪರಿಪು",
	"PROCEDURES_MUTATORCONTAINER_TOOLTIP": "ಸೇರಯರ, ದೆತ್ತ್‌ ಪಾಡೆರೆ ಅತ್ತಂಡ ಪಿರಕೋರಿಕೆದ ಉಲಪರಿಪುದ ಕಾರ್ಯೊನು ಮಲ್ಪುಲೆ.",
	"PROCEDURES_MUTATORARG_TITLE": "ಉಲಪರಿಪುದ ಪುದರ್:",
	"PROCEDURES_MUTATORARG_TOOLTIP": "ಕಾರ್ಯೊದ ಉಲಪರಿಪುನು ಸೇರಲೆ.",
	"PROCEDURES_HIGHLIGHT_DEF": "ದೇರ್ತ್ ತೋಜುನ ಕಾರ್ಯೊದ ವ್ಯಾಕ್ಯಾನೊ",
	"PROCEDURES_CREATE_DO": " '%1'ನ್ ರಚಿಸಲೆ",
	"PROCEDURES_IFRETURN_TOOLTIP": "ಮೌಲ್ಯೊ ಸತ್ಯೊ ಆಯಿನೆಡ್ದ್ ಬುಕ್ಕೊನೆ ರಡ್ಡನೆ ಮೌಲ್ಯೊನು ಪಿರಕೊರು.",
	"PROCEDURES_IFRETURN_WARNING": "ಎಚ್ಚರಿಕೆ:ವ್ಯಾಕ್ಯಾನೊದ ಕಾರ್ಯೊನು ತಡೆ ಮಲ್ಪೆರೆ ಮಾತ್ರೊ ಇಂದೆತ ಉಪಯೊಗ."
}
